{
    "geometries": [{
        "materials": [{
            "transparent": false,
            "DbgColor": 15658734,
            "visible": true,
            "colorEmissive": [0,0,0],
            "DbgIndex": 0,
            "colorAmbient": [0.607843,0.054902,0.054902],
            "depthWrite": true,
            "shading": "phong",
            "blending": "NormalBlending",
            "colorSpecular": [0.041961,0.028235,0.028235],
            "opacity": 1,
            "DbgName": "Standard",
            "wireframe": false,
            "specularCoef": 50,
            "doubleSided": true,
            "depthTest": true,
            "colorDiffuse": [0.607843,0.054902,0.054902]
        }],
        "uuid": "0813763B-3A95-3717-A405-7EEF112B324A",
        "data": {
            "skinWeights": [],
            "animations": [],
            "influencesPerVertex": 2,
            "skinIndices": [],
            "metadata": {
                "uvs": 1,
                "morphTargets": 0,
                "vertices": 6,
                "bones": 0,
                "materials": 1,
                "generator": "io_three",
                "version": 3,
                "faces": 5,
                "normals": 6
            },
            "uvs": [[0,1,0,0,1,0,1,1]],
            "name": "Box1Geometry",
            "morphTargets": [],
            "vertices": [0.25,-0.05,0.000517,0.25,0.05,0.000517,-0.25,0.05,0.5,-0.25,-0.05,0.5,-0.25,0.05,-0.5,-0.25,-0.05,-0.5],
            "bones": [],
            "faces": [43,2,4,5,3,0,0,1,2,3,0,1,2,3,43,0,1,2,3,0,2,3,0,1,4,5,0,3,43,1,0,5,4,0,2,3,0,1,5,4,2,1,42,3,5,0,0,0,1,2,3,2,4,42,1,4,2,0,0,2,3,5,1,0],
            "normals": [-0.320566,0.546922,0.773339,-0.32017,0.546892,-0.773522,-0.32017,-0.546892,-0.773522,-0.320566,-0.546922,0.773339,0.816492,-0.577349,0.000397,0.816492,0.577349,0.000397]
        },
        "type": "Geometry"
    },{
        "materials": [{
            "transparent": false,
            "DbgColor": 15658734,
            "visible": true,
            "colorEmissive": [0,0,0],
            "DbgIndex": 0,
            "colorAmbient": [0.607843,0.054902,0.054902],
            "depthWrite": true,
            "shading": "phong",
            "blending": "NormalBlending",
            "colorSpecular": [0.041961,0.028235,0.028235],
            "opacity": 1,
            "DbgName": "Standard",
            "wireframe": false,
            "specularCoef": 50,
            "doubleSided": true,
            "depthTest": true,
            "colorDiffuse": [0.607843,0.054902,0.054902]
        }],
        "uuid": "15641190-4052-3871-BF5E-F046F6B1B496",
        "data": {
            "skinWeights": [],
            "animations": [],
            "influencesPerVertex": 2,
            "skinIndices": [],
            "metadata": {
                "uvs": 1,
                "morphTargets": 0,
                "vertices": 8,
                "bones": 0,
                "materials": 1,
                "generator": "io_three",
                "version": 3,
                "faces": 6,
                "normals": 8
            },
            "uvs": [[0,1,0,0,1,0,1,1]],
            "name": "BoxGeometry",
            "morphTargets": [],
            "vertices": [0.5,-0.05,0.25,0.5,0.05,0.25,0.5,-0.05,-0.25,0.5,0.05,-0.25,-0.5,0.05,0.25,-0.5,-0.05,0.25,-0.5,0.05,-0.25,-0.5,-0.05,-0.25],
            "bones": [],
            "faces": [43,0,2,3,1,0,0,1,2,3,0,1,2,3,43,4,6,7,5,0,0,1,2,3,4,5,6,7,43,0,1,4,5,0,2,3,0,1,0,3,4,7,43,7,6,3,2,0,0,1,2,3,6,5,2,1,43,2,0,5,7,0,2,3,0,1,1,0,7,6,43,1,3,6,4,0,0,1,2,3,3,2,5,4],
            "normals": [0.577349,-0.577349,0.577349,0.577349,-0.577349,-0.577349,0.577349,0.577349,-0.577349,0.577349,0.577349,0.577349,-0.577349,0.577349,0.577349,-0.577349,0.577349,-0.577349,-0.577349,-0.577349,-0.577349,-0.577349,-0.577349,0.577349]
        },
        "type": "Geometry"
    }],
    "textures": [],
    "object": {
        "uuid": "691696FB-F2F0-4DAE-96B9-7C4B9A634D0C",
        "type": "Scene",
        "matrix": [1,0,0,0,0,1,0,0,0,0,1,0,0,0,0,1],
        "children": [{
            "name": "Box",
            "uuid": "DDA9AE26-14F9-3E6A-9BDD-AF02F6D2F286",
            "matrix": [-0.008521,0.999964,0,0,0,0,-1,0,-0.999964,-0.008521,-0,0,0,1.0275,0,1],
            "visible": true,
            "type": "Mesh",
            "material": "93831B89-11B9-31B1-A879-E029ECAF81F2",
            "castShadow": true,
            "receiveShadow": true,
            "geometry": "15641190-4052-3871-BF5E-F046F6B1B496"
        },{
            "name": "Box1",
            "uuid": "13AB8362-B9AF-310A-8509-00DC96972EBC",
            "matrix": [0,-1,0,0,0,0,1,0,-1,-0,0,0,0,0.3146,0,1],
            "visible": true,
            "type": "Mesh",
            "material": "93831B89-11B9-31B1-A879-E029ECAF81F2",
            "castShadow": true,
            "receiveShadow": true,
            "geometry": "0813763B-3A95-3717-A405-7EEF112B324A"
        }]
    },
    "materials": [{
        "specular": 657159,
        "vertexColors": false,
        "side": 2,
        "uuid": "93831B89-11B9-31B1-A879-E029ECAF81F2",
        "depthWrite": true,
        "emissive": 0,
        "shininess": 50,
        "blending": "NormalBlending",
        "type": "MeshPhongMaterial",
        "name": "Standard",
        "color": 10161678,
        "ambient": 10161678,
        "depthTest": true
    }],
    "animations": [{
        "tracks": [],
        "name": "default",
        "fps": 29
    }],
    "images": [],
    "metadata": {
        "generator": "io_three",
        "version": 4.4,
        "type": "Object"
    }
}